{
  "a": [
    {
      "user": "user",
      "message": "a",
      "timestamp": "2024-09-05T16:32:45.717Z"
    },
    {
      "user": "user",
      "message": "a",
      "timestamp": "2024-09-05T16:32:46.175Z"
    },
    {
      "user": "user",
      "message": "a",
      "timestamp": "2024-09-05T16:32:46.423Z"
    },
    {
      "user": "user",
      "message": "a",
      "timestamp": "2024-09-05T16:32:46.656Z"
    },
    {
      "user": "user",
      "message": "a",
      "timestamp": "2024-09-05T16:32:46.908Z"
    }
  ]
}